{"iso_code":"QAT","location":"Qatar","date":"2020-03-31","reproduction_rate":2.49}
{"iso_code":"BLR","location":"Belarus","date":"2020-03-31","reproduction_rate":2.48}
{"iso_code":"RUS","location":"Russia","date":"2020-03-31","reproduction_rate":2.46}
{"iso_code":"TUR","location":"Turkey","date":"2020-03-31","reproduction_rate":2.4}
{"iso_code":"IND","location":"India","date":"2020-03-31","reproduction_rate":2.18}
{"iso_code":"PHL","location":"Philippines","date":"2020-03-31","reproduction_rate":2.15}
{"iso_code":"UKR","location":"Ukraine","date":"2020-03-31","reproduction_rate":2.08}
{"iso_code":"ARE","location":"United Arab Emirates","date":"2020-03-31","reproduction_rate":2.07}
{"iso_code":"BRA","location":"Brazil","date":"2020-03-31","reproduction_rate":2.02}
{"iso_code":"JPN","location":"Japan","date":"2020-03-31","reproduction_rate":2.02}
{"iso_code":"DZA","location":"Algeria","date":"2020-03-31","reproduction_rate":1.99}
{"iso_code":"SRB","location":"Serbia","date":"2020-03-31","reproduction_rate":1.97}
{"iso_code":"MDA","location":"Moldova","date":"2020-03-31","reproduction_rate":1.96}
{"iso_code":"KWT","location":"Kuwait","date":"2020-03-31","reproduction_rate":1.92}
{"iso_code":"USA","location":"United States","date":"2020-03-31","reproduction_rate":1.92}
