{"date":"2021-03-31","location":"World","new_cases":683205.0}
{"date":"2021-03-25","location":"World","new_cases":651350.0}
{"date":"2021-03-26","location":"World","new_cases":641351.0}
{"date":"2021-03-27","location":"World","new_cases":584592.0}
{"date":"2021-03-30","location":"World","new_cases":568273.0}
{"date":"2021-03-28","location":"World","new_cases":469957.0}
{"date":"2021-03-29","location":"World","new_cases":458406.0}
{"date":"2021-03-31","location":"Europe","new_cases":255985.0}
{"date":"2021-03-25","location":"Europe","new_cases":252982.0}
{"date":"2021-03-26","location":"Europe","new_cases":239119.0}
