{"date":"2021-03-24","lag_new_cases":8369.0,"new_cases":8769.0,"delta":400.0}
{"date":"2021-03-25","lag_new_cases":8769.0,"new_cases":9128.0,"delta":359.0}
{"date":"2021-03-26","lag_new_cases":9128.0,"new_cases":9073.0,"delta":-55.0}
{"date":"2021-03-27","lag_new_cases":9073.0,"new_cases":8783.0,"delta":-290.0}
{"date":"2021-03-28","lag_new_cases":8783.0,"new_cases":8979.0,"delta":196.0}
{"date":"2021-03-29","lag_new_cases":8979.0,"new_cases":8589.0,"delta":-390.0}
{"date":"2021-03-30","lag_new_cases":8589.0,"new_cases":8162.0,"delta":-427.0}
{"date":"2021-03-31","lag_new_cases":8162.0,"new_cases":8156.0,"delta":-6.0}
